ip,Rpc,Spc,Tss,Tsr,Smin,Smax,Savg,Ravg,Svar,Rvar,SITmin,SITmax,SITavg,SITvar,RITmin,RITmax,RITavg,RITvar,isBot
147.32.84.165,1,227638.0,242660296.0,60,160.0,1066.0,1065.9920399933228,60.0,2.685467253319792,0.0,0.0,0.11794614791870117,4.972263315016528e-05,0.0002934196259783432,0.0,0.0,0.0,0.0,1
147.32.96.69,227636,0.0,0.0,242659976,0.0,0.0,0.0,1066.0,0.0,0.0,0.0,0.0,0.0,0.0,0.0,0.11794614791870117,4.972237979467369e-05,0.0002934208194082861,0
38.229.70.20,2,1.0,60.0,320,60.0,60.0,60.0,160.0,0.0,0.0,0.0,0.0,0.0,0.0,4.0531158447265625e-06,4.0531158447265625e-06,4.0531158447265625e-06,0.0,0
