ip,Rpc,Spc,Tss,Tsr,Smin,Smax,Savg,Ravg,Svar,Rvar,SITmin,SITmax,SITavg,SITvar,RITmin,RITmax,RITavg,RITvar,isBot
147.32.84.165,2,2,336,180,168,168,168.0,90.0,0.0,42.42640687119285,1.0251998901367188e-05,1.0251998901367188e-05,1.0251998901367188e-05,0.0,0.13563275337219238,0.13563275337219238,0.13563275337219238,0.0,1
147.32.84.192,2,4,456,180,60,168,114.0,90.0,62.353829072479584,42.42640687119285,5.7220458984375e-06,0.015476226806640625,0.005162954330444336,0.007292584920381904,0.15541815757751465,0.15541815757751465,0.15541815757751465,0.0,1
38.229.70.20,2,2,180,336,60,120,90.0,168.0,42.42640687119285,0.0,0.13563275337219238,0.13563275337219238,0.13563275337219238,0.0,1.0251998901367188e-05,1.0251998901367188e-05,1.0251998901367188e-05,0.0,0
78.40.125.4,4,2,180,456,60,120,90.0,114.0,42.42640687119285,62.353829072479584,0.15541815757751465,0.15541815757751465,0.15541815757751465,0.0,5.7220458984375e-06,0.015476226806640625,0.005162954330444336,0.007292584920381904,0
Cisco_db:19:c3,6,3,180,360,60,60,60.0,60.0,0.0,0.0,0.0011730194091796875,0.0030868053436279297,0.0021299123764038086,0.0009568929672241211,5.9604644775390625e-06,0.0030181407928466797,0.0008419990539550781,0.001177419241879472,0
PcsCompu_1f:65:4a,1,2,120,60,60,60,60.0,60.0,0.0,0.0,9.775161743164062e-06,9.775161743164062e-06,9.775161743164062e-06,0.0,0.0,0.0,0.0,0.0,0
PcsCompu_b5:b7:19,1,2,120,60,60,60,60.0,60.0,0.0,0.0,5.9604644775390625e-06,5.9604644775390625e-06,5.9604644775390625e-06,0.0,0.0,0.0,0.0,0.0,0
PcsCompu_e2:09:2d,1,2,120,60,60,60,60.0,60.0,0.0,0.0,6.9141387939453125e-06,6.9141387939453125e-06,6.9141387939453125e-06,0.0,0.0,0.0,0.0,0.0,0
