ip,Rpc,Spc,Tss,Tsr,Smin,Smax,Savg,Ravg,Svar,Rvar,SITmin,SITmax,SITavg,SITvar,RITmin,RITmax,RITavg,RITvar,isBot
147.32.84.165,2.0,2.0,158.0,139.0,79.0,79.0,79.0,69.5,0.0,13.435028842544403,5.245208740234375e-06,5.245208740234375e-06,5.245208740234375e-06,0.0,0.12020277976989746,0.12020277976989746,0.12020277976989746,0.0,1
147.32.84.191,4.0,391306.0,417128332.0,339.0,80.0,1066.0,1065.990125375026,84.75,3.08915902399097,37.37534838187688,0.0,2.4447009563446045,5.528133034704592e-05,0.003908330736612752,0.11187982559204102,2.33259916305542,0.8695393403371176,1.0347594856817335,1
147.32.84.192,2.0,2.0,166.0,143.0,83.0,83.0,83.0,71.5,0.0,16.263455967290593,5.9604644775390625e-06,5.9604644775390625e-06,5.9604644775390625e-06,0.0,0.0285031795501709,0.0285031795501709,0.0285031795501709,0.0,1
147.32.96.69,391302.0,0.0,0.0,417127932.0,0.0,0.0,0.0,1066.0,0.0,1.2489198018088223e-05,0.0,0.0,0.0,0.0,0.0,0.009096622467041016,4.9034246687606986e-05,4.783534607005446e-05,0
216.155.130.130,4.0,4.0,339.0,400.0,60.0,139.0,84.75,100.0,37.37534838187688,23.094010767585033,0.11187982559204102,2.33259916305542,0.8695393403371176,1.0347594856817335,5.245208740234375e-06,2.4967477321624756,0.8322544097900391,1.176974515491051,0
38.229.70.20,2.0,2.0,139.0,158.0,60.0,79.0,69.5,79.0,13.435028842544403,0.0,0.12020277976989746,0.12020277976989746,0.12020277976989746,0.0,5.245208740234375e-06,5.245208740234375e-06,5.245208740234375e-06,0.0,0
78.40.125.4,2.0,2.0,143.0,166.0,60.0,83.0,71.5,83.0,16.263455967290593,0.0,0.0285031795501709,0.0285031795501709,0.0285031795501709,0.0,5.9604644775390625e-06,5.9604644775390625e-06,5.9604644775390625e-06,0.0,0
Broadcast,1.0,0.0,0.0,60.0,0.0,0.0,0.0,60.0,0.0,0.0,0.0,0.0,0.0,0.0,0.0,0.0,0.0,0.0,0
Cisco_db:19:c3,0.0,1.0,60.0,0.0,60.0,60.0,60.0,0.0,0.0,0.0,0.0,0.0,0.0,0.0,0.0,0.0,0.0,0.0,0
