ip,Rpc,Spc,Tss,Tsr,Smin,Smax,Savg,Ravg,Svar,Rvar,SITmin,SITmax,SITavg,SITvar,RITmin,RITmax,RITavg,RITvar,isBot
147.32.84.165,0.0,574674.0,612602484.0,0.0,1066.0,1066.0,1066.0,0.0,0.0,0.0,0.0,0.5546369552612305,5.2203442936280916e-05,0.000991402759655052,0.0,0.0,0.0,0.0,1
147.32.84.191,1.0,419166.0,446829144.0,60.0,160.0,1066.0,1065.9956771303016,60.0,1.9790175853333958,0.0,0.0,0.5545997619628906,5.206243671023494e-05,0.0011574851065828367,0.0,0.0,0.0,0.0,1
147.32.96.69,993838.0,0.0,0.0,1059431308.0,0.0,0.0,0.0,1066.0,0.0,0.0,0.0,0.0,0.0,0.0,0.0,0.5545997619628906,3.0186000558656134e-05,0.0007538167467732277,0
216.155.130.130,2.0,1.0,60.0,320.0,60.0,60.0,60.0,160.0,0.0,0.0,0.0,0.0,0.0,0.0,4.0531158447265625e-06,4.0531158447265625e-06,4.0531158447265625e-06,0.0,0
Cisco_db:19:c3,4.0,2.0,120.0,240.0,60.0,60.0,60.0,60.0,0.0,0.0,0.002492189407348633,0.002492189407348633,0.002492189407348633,0.0,3.0994415283203125e-06,0.002527952194213867,0.0008450349171956381,0.001190002282445574,0
PcsCompu_b5:b7:19,1.0,2.0,120.0,60.0,60.0,60.0,60.0,60.0,0.0,0.0,4.0531158447265625e-06,4.0531158447265625e-06,4.0531158447265625e-06,0.0,0.0,0.0,0.0,0.0,0
PcsCompu_e2:09:2d,1.0,2.0,120.0,60.0,60.0,60.0,60.0,60.0,0.0,0.0,3.0994415283203125e-06,3.0994415283203125e-06,3.0994415283203125e-06,0.0,0.0,0.0,0.0,0.0,0
